post,label
Guys I have a question: when a gay couple gets married Who makes the sandwiches?,1
Heard this from a 12 year old: 'Whats the difference between black people and apples?' I like apples,1
"Friend: how dark is your humor? Me: If you whip it enough, it will start picking cotton.",1
What do you say to a black guy in a three piece suit? Will the defendant please rise,1
how do you call a black man you call his cell number,1
What is an Ethiopian's favorite videogame? Don't Starve,1
How do you get 11 million followers? Run through Africa with a bottle of water.,1
Wanna hear my favorite oximoron? Black people.,1
What do you call it when a black person hides from a cop at night? Good use of camouflage.,1
What does a black woman receive when she has an abortion? A thank you letter from welfare.,1
"My boyfriend is half black. Sorry, I’m such a pessimist. He’s half white.",1
What's the one good thing about black people? They provide jobs for the prison guards,1
"I'm not racist racism is a crime, and crime is for black people.",1
What do you call a black person with rights? Nonexistent,1
Why do black people turn left? Because they don't have rights.,1
What's the only time you wink at a black person ? When you're aiming.,1
How do you track a Cherokee. Follow the tears.,1
Did they try turning Stephen Hawking off and on again?,1
"Today, I bought a Rolex from a black guy for a bargain. I would even say it was almost a steal.",1
Researchers found out the most important difference between humans and apes Apes lives in Africa,1
"What's black, white and rolls around on the beach? A black man and a seagull fighting over a chip.",1
What's the difference between Batman and a black man? Batman can go out at might without robin.,1
What do we call marijuana addicts? Mexicans.,1
What part of a vegetable cant you eat? The wheelchair,1
A Muslim man said “Allah Akbar” But I thought he was sneezing so I said “god bless you” and I was blown away by his reaction.,1
Homeless Where do Western Hobo's go for food?  Food shelter   Where do Asian Hobo's go for food?  Dog shelters,1
How black mothers keep their children from biting their nails? they make them wear shoes,1
What do you call 1 black person on the moon? A problem  What do you call 2 black people on the moon?  A problem  What do you call the entire population of black people on the moon?  Problem solved!,1
How do you start an african rave? Staple toast to the ceiling.,1
"Special ed classes are superior to the rest in, at least, one thing Chromosome average",1
How do you make a baby explode You convert it to islam,1
There was this great German Hotel that closed down in 1945. It gave free food and free hairdo's. It was called Aushwitz.,1
"Why do epileptics bexome atheists in December? Because they found out that ""Jesus is the reason for the seizin'""",1
What should you never give a dyslexic person for breakfast? Alpha-bits,1
"What do you call a black man that has eight arms? I don't know, but it picks cotton really fast!",1
I painted my computer black to make it run faster It shot me,1
Women deserve equal rights. And Other Hilarious Jokes You Can Tell Yourself,1
What’s the difference between a Jew and a bullet? Only one escapes the chamber.,1
"I think its wrong to refer to a negro as ""boy"" That implies they are people.",1
"Teeth are like people All want to be white, most are yellow and the black ones don't work",1
"Criminals are like just normal, regular people... ... But with darker skin.",1
Why was six afraid on seven? Because seven is black,1
Why shouldn't men hit their wives ? When you damage your property it loses value.,1
"my african friend asked me if he could ask for bob and vegene i told him ""u better ask for food""",1
what did the african kid get for christmas aids,1
"What's the difference between homeless people and rats? Nothing, they both are infestations to big cities",1
"Why is Mexico so bad at the Olympics? Because every mexican that can run, jump and climb is allready on the U.S.A",1
Black people are like mitochondria They're the powerhouse of the cell,1
I studied zoology It helped me better understand black people and their behavior,1
:D @nkrause11 Dudes who go to culinary school: #why #findawife #notsexist :),1
"Yeah, child labor IS illegal. Unless you mean ""women""? @plaster_cole Girls should not be allowed to be commentators for football games",1
"Too bad they won't take you! @the_CRISPY_man Call me sexist all you want, but I'll take a woman who can cook over one who can't ANY DAY",1
You're pure comedy to the WNBA. @itsshaqhoe Not sexist but WNBA is pure comedy to me .,1
"Has to be a parody account. @TheHout I'm not sexist, but women just shouldn't be sports announcers.",1
"Listen, you're sexist. @TommyJohn15 Listen, I'm not sexist, but every dumbass driver I've crossed lately has been a female.",1
"Wish I could reply with gifs. @ThisIsFNW I hate when women want to be men. It's not sexist, it's biology. Were just different, accept it.",1
*most boys @ihatethiskid I'm not sexist but all the internet does is show that most girls don't know how to form their own opinions.,1
"Yes, you're both. @kfuru16: My sister is a woman and Asian. She is the worst driver in America #notracist #notsexist",1
Turn up your hearing aid? A thought @C_tWINO I'm not sexist but it's nearly impossible to listen to a girl talking about football on ESPN,1
LOL EDGY @ein_schoner_tag @shedevil___ @ahptik im not sexist but why are women allowed opinions lol,1
"I'm not a Misandrist but Males in General can not Capitalize @g0ldenWan I'm not Sexist , but Females in General can not Drive.",1
TELL ME MORE @ohthatliamm I'm not sexist but I don't think I actually find any female comedian funny,1
IRONY IS FUCKING DEAD @ibustos123 Im not sexist but feminists are the most annoying people out there.,1
WOW TOP SHELF HUMOR @arabdizzle What's the point in having a cleaning lady when I have a mom and a sister? #NotSexist,1
why do jews get circumcised ? jewish women wo n't touch anything that is n't <number> off .,1
"what is a muslim 's favourite band ? the taliband , their performances always blows the audience away",1
how do you prevent black people from stealing your stuff ? hide it at the bottom of the pool,1
i like my lakes like i like my white men . superior .,1
black people are like tires they work better with chains,1
"a muslim couple just got married it is working out well enough , but the husband will not let his wife drive for at least <number> years . one day the wife go 's up to him and asks why she must wait such a long time . he replies "" oh well , to get your drivers licence in this country you must be <number> years or older """,1
what do you call a good looking muslim ? asif,1
what do you call a black woman who 's had <number> abortions ? a crime fighter,1
why did a black man cross the road ? hey ! gimme back my wallet !,1
"how do you fit a group of jews into a mercedes ? <number> in the front , <number> in the back and <number> in the ashtray .",1
important sometimes it is very important if a sentence was said by a man or a woman . a good example : “ i used a whole pack of tissues during that awesome movie yesterday ! ”,1
what do you call a woman who thinks she can do anything a man can do ? wrong .,1
bad drivers are fined $ <number> now that s just sexist .,1
"cooking is an important skill . cook for an african man , and he will be hungry for a day less . cook an african man , and all the nearby african men will be hungry for a day less . -- some tribe leader",1
"wanna be like hitler , but have no oven ? throw a penny off a cliff .",1
i painted my laptop black so it would run faster . <repeat> and now it wo n't work,1
what do you call an ethiopian with buck teeth ? a rake .,1
"some people say i do n't let my wife choose anything , but that 's not true ! i let her choose between front hand and back hand .",1
you want to hear a joke ? women 's rights,1
what does a muslim do with their iphone <number> ? just kidding ! they prefer the note <number>,1
what 's the difference between batman and a black man ? batman can go to the store without robin .,1
"what 's the difference between a boko haram training camp and a nigerian refugee camp ? i do n't know , i just fly the fighter jet .",1
what do you do when someone is having a seizure in the bath ? throw a load of dirty laundry in .,1
why are women like clouds ? because they dampen your day when they 're around but once they 're gone the day is much better .,1
what is the difference between a homosexual and a mentally ill person ? nothing .,1
how can you tell if a shark met an asian ? its fins are missing .,1
"how many times can you screw a blonde ? i do n't know , how much time you got ?",1
what do you give an african child for its first birthday ? roses on its grave .,1
"pink shutters a man walked into a whore house and asked the man running it to give him the biggest black woman that the whore house had . the man at the counter said alright that will be <number> and told him to go to room <number> the man went up to room <number> and the biggest black woman he had ever seen answered the door . the man walked in and asked the woman to take off all her clothes , lay on the bed and spread her legs . <repeat> she did as she was told , the man stood there and just looked at her for a minute , then he said ok i m finished you can put your clothes back on . <repeat> the woman got up and was confused as she asked , "" why did nt you do anyting ? "" the man replied . <repeat> well i am painting my house brown and i wanted to see what it looked like with pink shutters",1
darth vader … was the first black guy to freely admit to being the father .,1
why are the japanese so skinny ? it did n't end very well for them the last time a fat man was in their country .,1
what 's with all the recent terror attacks ? its ramadan . and you 're not you when you 're hungry .,1
what do you call an ethiopian with a yeast infection ? a quarter pounder with cheese .,1
what 's the difference between a black man and a lawn decoration ? a footstool and some rope .,1
what 's black and screams ? stevie wonder answering the iron .,1
how do you find a black person ? guilty,1
"a black guy goes to a doctor 's office to get a vasectomy . he shows up in a limo wearing a tuxedo . when it 's his turn , the doctor looks at him and says , "" i 've seen a lot of things , but i 've never seen a guy coming in all dressed up like that ! "" and the black guy says , "" well , if i 'm gon na be im - po - tent , i 'm gon na look im - po - tent ! """,1
who 's visiting millions of african children every year on christmas eve ? death .,1
cripples what do you call three people in wheelchairs stacked on top of each other ? a vegetable rack .,1
what s the difference between a black person and a colorful explosion in the sky ? fire works,1
what happened to the girl who had a black heart ? cardiac arrest .,1
what 's the same about feminism and the holocaust ? they 're both irrelevant and mean nothing to society .,1
"if your dog is barking at the back door and your wife is yelling at the front door , who do you let in first ? the dog because he shuts up after you let him in .",1
i ca nt wait for harriet tubman to be on the $ <number> bill i can finally use black people as currency again .,1
if you donate just <number> pound a month . . . you can help us make another advert with sad looking african children in it .,1
why are black people so good at excel ? they know a lot about cells,1
i 'm not racist there are black people in my family tree .,1
"why should you never marry a jewish woman ? when dinner time comes , they 're too scared to get near the oven",1
"daddy , am i more black or muslim ? - why are you asking , son ? - there is a bank on the <number> h floor of a new building , and i do n't know whether to rob it or fly a plane into it .",1
"from what i understand most major religions all pray to the same god . after tragedies often i hear ' god has a plan ' well , frankly i think they are right . like after sandy hook , you know , like <number> kids were murdered . that was part of gods plan . i mean , how else is he going to keep coming up with virgins for the suicide bombers .",1
what do you call a sheet of metal leaning on a tree ? free aboriginal housing .,1
what do you call a homosexual on rollerblades ? rolaids,1
i like my women the way i like my fish . . . battered .,1
what 's the difference between harry potter and jews ? harry escaped the chamber,1
"so i almost dated this cute muslin chick in middle school but after her social media phase , she kinda blew up . <repeat>",1
how many feminists does it take to change a light bulb ? feminists ca n't change anything .,1
why do black people like the pokemon anime ? because they can relate to the main character 's fatherlessness .,1
what do you call a letter from a feminist ? hate male,1
what is ironic about the lgbt <allcaps> flag ? all the colors are straight .,1
why did they plant trees in harlem ? for free public transit .,1
"woman : what were the results from the test ? doctor : there are good news and bad news , the good news is that your child will always find a parking space",1
did you hear about the woman who got hit by a car ? police are questioning why she was out of the kitchen .,1
if a muslim beats his wife is it domestic violence or child abuse ?,1
"what happens when you boil a cabbage ? i do n't know , a japanese guy stabbed him before i could find out .",1
"offensive joke . well , i hope anyway a little black jewish boy says to his daddy , "" dad am i more black or jewish ? "" "" why do you ask ? "" , says the dad . the boy says , "" well a guy at school has a bike for sale for $ <number> and i ca n't decide if i want to haggle him down to $ <number> or just steal it . """,1
what do you call a muslim at a peace rally ? lost .,1
what s the difference between a passed out college chick and a pickle jar i ca nt fit my fist in a pickle jar,1
what would be another name for black lives matter ? rise of the planet of the apes .,1
jews what 's the best jew joke ever ? the holocaust,1
what 's the best way to wash down five hundred chocolates ? katrina .,1
what 's the difference between feminists and hockey players ? hockey players shower after <number> periods .,1
what 's the hardest part about being a muslim ? pilot school,1
"the prophet mohammed and his wife walk into a pub and the barman says , "" sorry , mo , kids have to stay outside in the garden . """,1
how did the jewish kid cheat on his math test ? he used the numbers on his arm .,1
what 's the meanest thing you can do to a blind person ? give them a cheese grater to read .,1
i fuck my wife the same way islam fucks muslims . <repeat> <number> times a day and she has to face me while being submissive .,1
why is jesus probably black ? because he can not tell who was his real father .,1
"why were all of the inner - city schools changed into conservatories for the arts ? people realized that the only way a negro could be successful is by playing jazz , singing , dancing , or playing sports so they decided not to waste money by teaching them things that would n’t prepare them for the real world .",1
volkswagen gas emissions scandal . the germans are still trying to gas us .,1
let 's be honest here . <repeat> the real reason why the great irish potato famine happened was because the irish figured out that they could also eat the potatoes .,1
a gay muslim walks into a bar . <repeat> he ordered shots for everyone .,1
what do you call a smart black person ? nonexistent .,1
"a man walks into a bar and asks for an obscure beverage : ' hey , do you serve blacks lager by any chance ? ' the waiter replies : ' no we do n't ' the man says : ' yeah neither would i they start throwing their shit at each other after a pint or two '",1
why are the black man 's eyes always red after sex ? the mace .,1
why do nt jews like the internet ? because they always got roasted by nazis,1
what did hitler say to the defeated jewish cowboy ? reich for the sky !,1
"shopkeeper runs the numbers . fifteen skinheads chased a pakistani into a shop and proceed to kick seven flavours of shit out of him . eventually , the police arrived and arrested everyone . one of the coppers walked over to the shop assistant and asked if he saw it all happen . when the clerk replied , "" yes , "" the cop asked why he did n't help out . "" i thought fifteen was enough , "" came the reply .",1
the young homeless girl was delighted when i asked if i could take her home . she was n't too excited when i walked off with her cardboard box .,1
"you can tell a lot about a man by the car he drives for example , if it 's a black man , it 's not his car .",1
how to pick up chicks how do you pick up a black chick ? noose . how do you pick up a mexican chick ? border patrol . how do you pick up a muslim chick ? body bag . how do you pick up a jewish chick ? dustpan and brush . how do you pick up white chicks ? flunitrazepam .,1
jewish jokes what 's the difference between a jew and a stiff nipple . <repeat> othing because they both disappear after hot shower,1
what 's a mexicans favourite sport ? cross country,1
what do you get when you cross a black man and an octopus ? i do n't know but it 's damn good at picking cotton .,1
what do you call a mentally handicapped jew ? aushwistic .,1
i got arrested for killing a black man . they charged me for impersonating a police officer .,1
"i knew a guy who died in a terrorist attack . <repeat> his last words were "" allahu akbar """,1
"i guess bradley manning really is a woman i mean , how else could he fuck up killing himself ?",1
i like my women like my wine aged <number> years and stored in the cellar,1
why are aspirins white ? because they work,1
how do you make a jew prematurely ejaculate ? pay for dinner,1
"is the glass half full or half empty ? i really do n't know , because there 's different ways to look at it : - optimism : the glass is half full . - pessimism : the glass is half empty . - feminism : the glass is raping me .",1
what is the difference between a feminist and a suicide vest ? i can turn on a suicide vest .,1
what 's the difference between a jew and a bullet ? a bullet can escape the chamber,1
"what phrase do black men always love to hear ? "" you are not <allcaps> the father ! """,1
how do you starve a black man . <repeat> put his food stamps under his work boots .,1
"you loose your black friend in the dark , where do you lose your muslim friend ? in an explosion",1
what 's the worst thing about being told you have alzheimer 's ? it dosen't happen at once,1
what 's black and white and rolls down a hill ? a maori and a seagull fighting over a fish head .,1
fat chicks . <repeat> make uggs look like socks .,1
why do negros dance to the left ? because they have no rights .,1
what is the difference between a black person and a bench ? at least a bench can support a family,1
"a black woman has seven sons ; jerome , jerome , jerome , jerome , jerome , jerome and jerome . how does she distinguish between them ? by their last names .",1
how do you pickup a jewish girl ? broom and dustpan .,1
what is the usual woman 's response to a black guy 's pickup line ? rape ! <allcaps>,1
my weed is like the qur'an . <repeat> i burn it until i get stoned .,1
what do you call a muslim feminist ? dead .,1
"so the federal government said we are no longer allowed to call people from indiana "" indianians "" . <repeat> now we must refer to them as "" indyots "" .",1
"why do black people take so long to check out at the grocery store ? mixers in one transaction , booze in the other",1
alabama where eharmony and ancestry are the same website .,1
"when i was in t - ball as a kid , i could tell my coach was catholic as soon as i joined the team from the way he molested me the same way my priest did . i mean like to a t.",1
Girls I have dated can never estimate measurements. Just make sure you never date a female carpenter.,1
"I wish GPS' had an avoid ghetto"" setting!""",1
That place was infested with black people.,1
"Sorry , that must be my Black coming out.",1
"Some guy in my school started talking that way randomly, along with some other effeminate mannerism. Funny, when he came out and we all just said we know. [...] I read somewhere that your true accent is the accent you speak when you are drunk or angry as the cognitive load present in putting on a fake accent vanishes or weakens",1
"I just don't understand it. I think you must just be doing it for attention. When this phase is over and you go back to putting effort into your appearance, you can be treated with respect.",1
Don't worry about Mr. ________. He's just extremely Jewish.,1
"She should be the employeer, and she needs to be a Mexican looking for a cleaning job.",1
"Old woman:: ""Schools shouldn't offer free lunches to kids, since that means their parents just take advantage, and don't bother trying to find jobs to support their kids."" Me:: ""So you think we should allow kids to starve?!"" Woman's husband:: ""You see [myname], if you give them handouts, these people don't work. When I got out of high school, if you wanted to eat, you had to find a job. Nobody has any work ethic anymore."" At a party. Made me feel like I was talking to a compassion-less brick wall.",1
"Person cutting my hair:: So are you seeing anyone? Me:: Not since things ended with my last boyfriend. It was complicated, he was from Afghanistan... Person cutting my hair:: And he was a terrorist? I was going to say that a close family member had died in a bombing and he had to go back to Kabul. But I guess terrorist works?",1
You're pretty for a black girl.,1
"She's a girl, of course she has mood swings.",1
"There's African Americans and then there's black people. There's a difference. Like, Oprah is an African American, but some random black guy off the street doesn't deserve the title, you know?",1
You can't play with them - they don't speak English.,1
Surveying gender is easy because there's only male and female.,1
But you are too strong to be raped.,1
"Believe me, my son is NOT gay. He has never once touched a Barbie, he's built like a linebacker, and he's a real man's man.",1
"No, can you get one of the boys to carry that out? It's too heavy for you.",1
"Wait, can I catch your Asperger's?",1
Bisexual people don't exist. Gay people just say that so they can walk down the hall with a girl holding hands.,1
Your mom is Brazilian isn't she? Maybe she could come to the school sometime for gym and teach the class how to dance samba!,1
You're a girl. You're not expected to know where it is.,1
"I'm male, and am asking this question to non-binary identified people. Why do you give so much of a crap? Why can't you just lighten up, let the thread happen, and ignore it?",1
"Person 1:: That's not your real hair, you're fully black! Person 2:: It's fake, stop trying to convince us that black people can have long hair! Two people in my class talking about my mid-back length curly hair, two weeks ago. I'm a 17 year old Eritrean (East African) female in London. It made me feel disappointed, enraged, but mostly, shocked by their ignorance and outright lack of manners.",1
"Oh my God! Yea, that shooting at Haas last week was so crazy! I feel like I go to a ghetto school now!",1
"I like you, you don't act gay.",1
"Cool story, babe. Now make me a sandwich.",1
While talking to a co-worker over our break... Co-Worker:: Why do you have all those State Park brochures? Me:: I want to get into camping. I never did much of that growing up. Co-Worker:: You should find an outdoorsy guy to date! Then he can teach you all that stuff. I am a queer woman who is not interested in men.,1
You might want to think about losing weight if you want to get married and have children. Men are very visual creatures.,1
"No offense, but that's seriously gay.",1
"I'm not going to screen you for STDs because you aren't really at risk as a lesbian. But then again, I don't really know how you people have sex.",1
I SAID A NORMAL NAME......AMERICAN!!,1
"Lol, Asian gay guys are too girly, I suppose.",1
"Doctor:: How did this happen? Me:: My mother pushed me down some stairs when I told her that I'm a lesbian. Doctor:: Oh, that's understandable then.",1
"Walks into a post office to buy stamps. Me (Hmong American):: Hello, I would like to get the pixar stamps. Clerk:: *Takes out Chinese New Year Stamps, while smiling like she made my day* I think you'll like these. Me:: *Looks at her and the stamps...* No, it's okay. I'll just get the pixar ones. Clerk:: *Pushes the stamps forward* Awkward silence of me thinking... Me:: Okay *Buys and walks away* Clerk:: Xie xie WTF?! with a tickle in my tummy... Did this just really happen to me...?",1
"You only got into [my university] because you're Native American AND Mexican. I had to work harder to get into this same honors program, and that's not fair.",1
You mean your boyfriend coded it up in a week!,1
"Not all gay men are sissies, but all sissies are gay.",1
You're going to be the expert on all things African American.,1
Co-worker's facebook status:: Not sure how the guy sitting next to me in class can smell so bad and still be alive. First comment:: Is he Indian?,1
Find yourself an Asian girl. She'll be more docile.,1
"Yeah, it's like when black people dye their hair blonde and wear neon colors. It just doesn't work!",1
Jihad is one of the Five Pillars of Islam. The whole thing is basically founded on going out and killing people for G-d.,1
"Don't pick that up, you're a girl. Let one of the boys do that.",1
You're actually very pretty. Most dark skinned girls don't have your looks.,1
You haven't seen the Godfather movies?! You are not really a man if you haven't seen them.,1
"Of course I love you, I just prefer the straight part of you to the gay part.",1
Doing a Physics degree is no way to get yourself a husband!,1
"H&R Block employee when my best friend (who's black) and I went to get our taxes done together:: ""Employed?"" Me:: ""Yes."" H&R:: ""Any children?"" Me:: ""No."" H&R, turns to my friend:: ""Okay, and you. Employed?"" Him:: ""Yes."" H&R:: ""Any children?"" Him:: ""No."" H&R:: ""Are you sure?"" Him:: ""Um..."" H&R:: ""Just checking."" Him:: ""Yes, I'm sure.""",1
"There are scholarships available solely for black men, black women, only women, Hispanic men and women...but if there was a scholarship that only a white man could apply for, I bet it would cause an uproar. Just sayin'. Is this fair in today's day and age? What did my generation do to oppress any specific group of people? Isn't it time for equality across the board?",1
"Hahaha, you're so funny! You're not asexual! There's no such thing! Humans are MADE for sex! You just haven't had GOOD sex yet! Someday you'll meet the right guy and you'll want to screw his brains out, and then you'll remember how insane you were to ever say you're asexual!",1
"So how much Indian ARE you? I mean, you don't look it.",1
*gasps* You've NEVER had taiyaki* before? You're not really Japanese!,1
"So you're really not into men? Like, really really not into men? Are you sure?",1
"Classmate:: So, which one of your parents is black and which is white? Me:: My mom is white and my dad is black. Classmate:: (trying to by funny) So, your mom was a rape victim? I was 17 years old.",1
"I just think that the feminist movement glorifies obesity. It should focus on being healthy, because what it's doing now is just as bad as the mainstream media!",1
I wouldn't call myself a feminist anymore. I think I'm a realist now. I think maybe we're in denial and that men and women aren't necessarily capable of the same things. Maybe women need to make some sacrifices.,1
"God made Adam and Eve, not Adele and Eve.",1
Don't become one of those militant gay people.,1
"But there's a difference between black people"" and ""niggers"". You shouldn't deny that until you've been to the South and have seen the difference.""",1
Go back to China.,1
"Female Coworker:: So you're driving cross country? Me:: Yep. FC:: Are you gonna stop at hotels or something? Me:: Nah, like I did before I'll just stop at rest stops when I get too tired and sleep in the car. FC:: Oh, well, do you have any protection? Me:: Uh, sure I guess, I mean I have pepper spray and always carry my pocketknife... FC:: No no, I meant do you have a MAN to protect you. Because obviously women can't defend themselves, and men never get robbed or assaulted...",1
Bisexual is a term that gay guys in high school use when they want to hold hands with girls and feel like a normal person for a change.,1
"That's why black men, like my boyfriend, date us white women. They like REAL hair, real nails, and none of that attitude. Black girls are way too ghetto and too much work.",1
"Well you know, you are going to have to deal with some uneducatable black kids.",1
"I wish you'd stop calling me a feminist. I'm not a feminist. It's really insulting. I love all that traditional woman stuff, cooking, cleaning, like that.",1
No you can't like him. It's the most disgusting thing to mix a Black and an Asian!,1
I didn't know that such a dark girl could be pretty.,1
"If the Japs are offended, then screw them. They should have stayed away from Pearl Harbor."" The highest rated comment on a very old and very racist Bugs Bunny cartoon shown on YouTube. 7 macro,race 6 years ago",1
"Dad:: So what are you taking next semester? Me:: Intro to philosophy, deductive logic, women and modernism- Dad:: Ha! That's a contradiction right there! Me:: Why? Dad:: Modern women aren't logical!",1
"Wow, look at all these black kids. Hey, I bet they all have the same dad. All black people are totally related.",1
"You communicate like a girl, I just don't get it. I'm a guy. You need to just say what you mean!",1
"I believe in equal rights for gay people, but I wish they wouldn't kiss in public. It's gross.",1
Why can't all Black Women wear their hair like yours?,1
"After you strip off his makeup and clothes, biologically he's still a man"".""",1
"While sitting with a friend, observing the art at Museum of Modern Art, a museum security employee approaches us. Employee:: So, where are you from? (to my friend) Lemme guess, Japan? Friend:: Uh, no, Korea. Employee:: Ah, and you... (to me) Where are you from? Puerto Rico? Me:: No, I'm from California. Employee:: Right, but you probably are Puerto Rican. Me:: I'm not. Employee:: Are you sure? You *must* have some Puerto Rican blood in you! Me:: I assure you, I don't.",1
I don't know how well this software [facial recognition software] will work in places like Asia because all Chinese people look the same.,1
I want to make bumper stickers that say ISLAM IS NOT A PEACEFUL RELIGION and sell them.,1
We don't keep eating utensils in the car. That's what FAT FAT FAT people do.,1
You're Middle Eastern? Really? It's so good to know there are actually decent Middle Eastern people out there.,1
But you're not REALLY disabled. You look so pretty!,1
You can't be a person of colour; you're too pale!,1
Why are there so many party stores in the ghetto? Like do all the poor people like to celebrate they're poor?,1
"She always wears such revealing clothing and flirts with all of these guys when we're out. It's just gross and dangerous. I'm not saying that a person deserves to be raped, but...",1
Why do you listen to 'Chinese music?' You don't even understand and they all look the same anyways.,1
Are you really going to let a GIRL beat you?,1
WHY are you Atheist?,1
"Black Student:: Yeah man us Black people don't do too well in water. White student:: Yeah, yall took advantage of that free boat ride huh? An exchange my friend who attends Lake Forest College overheard.",1
Men are just better at some things. That's just the way it is. Like men are better at driving cars or flying airplanes. But you sure look pretty.,1
I play as a black character sometimes and it never bothers me.,1
"My daughter said, 'Mom, I hate Mexicans!' I told her you can't judge all Mexicans because of one but, you can say they are all short.",1
"I'm all for women's rights and freedom and whatever, as long as they still put out.",1
"Teacher :: Black men are naturally more aggressive and strong than white men. Me:: No, it has to depend on the man, surely. Teacher :: Not really, no white man could... Me:: Your husband is 6ft tall well built and my dad is 5'7ft and very lean, your husband could wipe the floor with him. Teacher :: There are odd exceptions but, in general. I was 15, Secondary School, England 2001. Made me feel gobsmacked worried that I would be graded unfairly.",1
Owner of my company opening up sexual harassment training class:: I don't believe in sexual harassment. I think it's just something made up by militant lesbians.,1
Native Amerian Studies boils down to 'kill whitey'.,1
"Why can't you act like a normal person? You don't have Asperger's. There's nothing wrong with you. You're just looking for attention/excuses. If you'd just stop behaving so oddly, you wouldn't need to blame it on a disease.",1
I don't want another woman boss. I already have a woman boss and she has me running around all the time.,1
Are there really that many gay people?!,1
Four-year-old boy:: Why did she get to walk in first? Dad:: Because she's a girl. And girls go first. Four-year-old boy:: Why? That's DUMB!' Dad:: Because girls need protecting from strong boys like you.,1
"One of my good friends from high school is black, but I don't really think of her as black because she told me she's white on the inside.",1
"Me:: I can't believe that someone could commit such a horrible crime. People can scare me sometimes. Guy:: You know, if black people don't want to be called criminals... Me:: I didn't say anything about what the man looked like. Guy:: [Silence]",1
If you can keep your head whilst everyone else around you is losing their's...  Than you're probably in an Arabic country fighting for Isis.,1
"Untold Murder is risible, mulatto perjurer trying to convince the audience he knows something as opposed to reading from a New Scotland Yard script.",1
"I wonder if the jigaboos dancing on the football fields have finally realized when they stopped being a distraction, they took money out of their own pockets.",1
"Women are like wine: I can only afford the really cheap ones that have the big, ugly boxes that leak.",1
The Jews use to laugh They thought it was just a joke They're not laughing now  -Adolf Hitler,1
Notice there haven't been any #MeToo accusations made against Islamic Supremacists?,1
"the organizational and social strategy of 'dune coon' movements like Hezbollah and the Muslim Brotherhood are light years beyond the machinations of the white master race in virtual space, even if we adjust for contextual differences.",1
If we'd known that they'd cause this much trouble we'd have picked the fucking cotton ourselves!,1
Internment Camps are a good start for all illegals and muslims.....Round Ups immediately,1
So I guess women are now being promoted to the level of the Jews:as long as one says something happened we have to believe it because not possible they would lie,1
"Also, I can't imagine anything more counterproductive than getting into fights with shit-tier niggers and other diversity when those aren't the people who have socially engineered the destruction of your homeland.",1
"did you know Mexicans in Southern California actually use ""JAJAJA"" Instead of ""hahah"" pisses me off so much  #DEPORTALLOFTHEM",1
"London police arrest two men in connection with the London Terrorist Bombing  One, 18 yrs old  One, 21 yrs old  Won't tell us who/what they ARE, but I can just about tell you who/what they AREN'T  White/European British Native Londoners IQ above room temperature Self-sufficient  Any takers at 10:1?",1
Check out CBSN On Assignment on CBS at 9pm they are gonna tell moslem kids its not right to cut peoples heads off... could be funny,1
To the women marching across the US today  Have as many abortions as you’d like  Boycott sperm  Get sterilized  Boycott the patriarchy  Kill yourselves in protest,1
Today we celebrate a Jewish funded black communist who frequented gay orgies and read speeches written by his Jewish handlers  This is the equivalent of people 50 years from now getting the day off to celebrate deray who is another Jewish funded black faggot,1
It's easy for them to multiply because their African genes are so incredibly pronounced .,1
"I think its funny , as a premed student there has n't been a black person within a hundred miles of any of my classes ever .",1
"If monkeys are on my property i call animal control and defend my family and property with whatever means possible , simply talking sense to a monkey and pointing at it will not stop it from misbehaving !",1
"Agreed, The Blacks and Hispanics should have their own school only for them and have worse education than the children whites like that might not compete with our children whites .",1
"Now now lets not discriminate between muslims and jews , I say get them all back to the middle east and turn the whole sand pit to radioactive glass .",1
I Can tell you right now if a black mob is threatening my life and burning my town I 'm going to start shooting .,1
How dare I suggest boys' suffering needs attention too,1
"I made a Chad tinder profile Females don't care how vulgar or disgusting you are when you're attractive, if I was to say the same things I've said to these people with my real picture they would call the cops on me  So far I've had 60 matches and none of them were disgusted by my messages, which were asking for sex straight up",1
Why do women always show there curves Every time I walk down the street I catch myself stairing at a girls tits or ass why can't we be like Islamic country's where women where berkas,1
"Shower Thought: If feminism is cancer, is that why ladies afflicted with it often lose their hair?",1
Normies live in constant fear because their girlfriends dress up slutty then drink their inhibition away alongside horny men on a weekly basis This is routine and encouraged in the degenerate west.,1
"After watching the clip on ""Mansplaining"" I would like to introduce the term ""Vaginapology"" I believe this is self-explanatory.",1
"Brace yourself, Christmas is coming soon Get your GF now or they will run out of supply",1
"There should be a modernized version of ""The Boy Who Cried Wolf"" called ""The Girl Who Cried Rape""",1
Every woman claims she was raped or sexually harassed in her past They are advertising their desirability to Chad.,1
"Women don't like being treated equally to men, sees having to pay child support as oppression.",1
REMINDER: femoids would rather fuck ABUSIVE CHADS than an incel But don't forget that your personality is the problem.,1
"Seeing prostitutes is morally wrong, but being one is not Why do women defend prostitutes while at the same time judging men for seeing them?",1
I wonder how many females I raped today I spent a lot of time on the subway as a sub 3 and inevitable looked at some females and might have made phisical contact when the train was full,1
Having a criminal record is more attractive to women than having a PhD A violent alpha male is the ultimate sexual desire for women.,1
Another advantage of being a female: getting by with your looks,1
If men are so privileged and women have it so hard why are so many men choosing to live as females?,1
@NYRKelsMads  Dat damn dog eats betta den most colored folk do.,1
Dicks are basically ar-15s Only disabled kids whip em out in class,1
I have a black man in my family tree He’s still hanging there,1
What's faster than a school full of black kids? A loaded gun.,1
What did the jew say to the other jew? Jew: Is something burning?,1
"Why did so many blacks die in combat during Vietnam? Every time the Sergeant yelled, ""GET DOWN!"" they would get up and dance.",1
What's the difference between a jew and a piece of bread? The bread still works after it's been through the toaster,1
What two kinds of people are totally different but always look the same? Asians and hepatitis patients,1
"I don't know why the Natives are so mad at us... I mean, we were so nice to them. We even gave them blankets!",1
What's the difference between a Jew and a pizza? The pizza doesn't scream when it's put in the oven.,1
"I've just realized that Indians are an hybrid of white people and black people They are smart like a white man, work like a black man and they have brown skin like a mix of races",1
"People talk about how hard it is to be Black in America these days... But what about being white? Like fuck, we're actually almost on a level playing field. Our grandparents had it easy as shit.",1
"Why was the pastor bad at slang? He took the saying, ""I feel you"" too literal.",1
Why don't bookmakers take bets on the special Olympics? because they're all winners,1
"I was sitting next to some really hot Thai girl on the bus today. All I could think to myself was,  ""Don't get an erection, don't get an erection!""   But she did.",1
What do African teenagers and bad wizards have in common? They both don’t know how to spell,1
"Wanna hear the biggest lie? ""Men and women deserve equal rights""",1
"you may have a family that love you, real love, and that ever nagging resposibility that feels inescapable . still, once black, you never go back home to the kids",1
"A gay guy, A black guy, and A Jew get hit by a bus They all appear in front of the gates of heaven. The Angel says. ""Welcome to Heaven!"" The three guys beg him for a second chance. The angel says,""I can only do it if you promised to give up what you love doing the most."" The three men immediately agreed to do that.  Suddenly, they're on the street and the bus is passing by. They cautiously cross the street, and continue walking, until they come across a car which has an open window and a purse. The gay guy says to the black guy, ""Don't do it man, you're stronger than that!"" But he reaches in anyway. Poof! Black guy disappears.  They continue walking until the Jew comes across a penny. He bends down with the gay guy behind him. Poof! Gay guy disappears.",1
What's the difference between a woman and a car crash? A car crash won't kill you slowly.,1
What's the best thing about being Ethiopian? You won't have to be for very long.,1
What's the difference between heroin and a black person? Police care about people shooting heroin,1
sluts dont have hormones they have whoremones,1
What's the best thing that came out of Auschwitz? An empty train,1
"So blacks are the fastest runners and whites are the best swimmers, the polar ice caps are melting,   Evolution at work",1
How to know if you're good at sports Your not good if your not black,1
What do you call a black spider? No daddy long legs,1
"Just how Americans draw themselves slimmer. Japan does the same, they make anime have giant eyes while in reality they can’t see what their drawing",1
What do bikes and black men have in common? The chain,1
Whats worse than a Jason Aldean concert? Being black,1
"Secret Language During the holocaust the Jews had a secret language they used to speak... it went something like this, ""OH MY GOD! I'M BURNING ALIVE""",1
"Aan indian was taking a dump and died. Strange, isn't it?? He didn't pay attention to the train heading towards him...",1
"So I failed to get accepted at Harvard. So I worked in a coal mine for a while, and one day forgot to shower after work. I visited Harvard again then I got accepted.",1
What do you call winning battle royale in China? Winner Winner Dog dinner,1
What is the fastest way to get jewish guests out of your house? vacuum cleaner,1
Muslims aren't terrorists They just want to die on their own terms but don't want to do it alone.,1
"What did the black, blind, deaf and mute kid get for christmas? Aids.",1
What would you call an Arab with a wooden leg? A sticky bomb.,1
I wish my grass was emo... So it could cut itself.,1
"How do you pick up black girls? You burn their village, chain them up and raise the anchors.",1
How do you stop black guys from hanging out in front of your house? Cut the rope.,1
"What do you say to a woman with two black eyes? Nothing, you already told her twice.",1
Where do jews go when they die? Out the chimney.,1
What do you call two Mexicans playing basketball? Juan on Juan,1
"A black guy finds a genie in a bottle Any three wishes he had would be granted, the genie informed him. ""I wanna be rich,"" said the black guy. The back yard filled up with chests of gold coins and jewels in the blink of an eye. ""I'm no fool,"" said the black guy. ""I wanna be white."" And there he stood, white, blonde-haired and blue-eyed. ""Last but not least, I never want to work another day in my life."" And he turned black again.",1
What's the difference between a black person and a bicycle? The bicycle doesn't start singing when you put chains on it.,1
What do babies and black people have in common? Theyre both good for target practice,1
How do you name a jew pokémon trainer Ash,1
What do jews and meat have in common? They're both better cooked,1
A wife is killed after a car drives through her living room and kills her. Who's fault is it? The wife's because she should've been in the kitchen,1
Finally something positive I found of the Ethiopians HIV,1
"Everyone is so politically correct these days... You can't even say ""black paint!"" You have to say ""tyrone can you paint that wall please?""",1
What place do black people like to be peaceful? In their coffin.,1
"Recent medical studies shows that obesity can cause lots of problems in pregnant women. I think there’s nothing to worry about it. If a woman is obese, she won’t be pregnant in the first place.",1
What's the difference between a black person and a chicken? One's free range,1
Why do police officers never get incarcerated for shooting unarmed black men? Because animal cruelty is not punishable by jail time.,1
Why is chinese the best race? They can do everything with their eyes closed.,1
What's A Jew's Biggest Fear? Taking a shower.,1
"What did God say when he made the first black person? Dammit, I burnt one.",1
How do you stop a Jewish man from smoking? You let him out.,1
What's the difference between a black person and a bucket of shit? The bucket.,1
What separates man from animal? The Mediterranean.,1
Why don't Africans need help? They already have aids.,1
"Why are black men good at basketball? The whole point is to run, shoot and steal. Oh and their knee grows.",1
More than one-third of Africa lacks clean water. I guess black people will even steal from their own kind.,1
What do you get when you add 1 + 1? The average Ethiopian lifespan.,1
What do you feel when you see a black man running? The recoil,1
I’m starving and scared That I might offend Africans because I’m culturally appropriating them,1
Why are paracetamol white??? Because they work,1
What is the difference between Santa Claus and jews? Santa comes down the chimney.,1
This joke is like a Veitnamese factory worker It makes no cents,1
"Kitchen appliances salesman to the Jewish man.. ""Sir would you like a tour to the new LG oven ?""",1
Africans actually have more of some things. Like infant mortality.,1
"How many Jews does it take to cook a dinner? Two. One in the fire, one above the fire.",1
Society is like a box of chocolates There are more browns than whites and the blacks are usually never touched.,1
How long does it take a black woman to take a dump? 9 months,1
Whats the difference between a blonde and an elevator? You dont even have to press a button for her to open up.,1
Have you ever had Ethiopian cuisine? Neither have they.,1
"My son pointed at a homeless man and said ""Human waste!!"" I was so ashamed and embarrassed I told him its ""waste of a human"". Kids are so dumb.",1
What do you call a burnt chicken nugget? A nigget,1
I overheard someone saying a black man stole a motorcycle out of a garage. I ran home to see if mine was still there. Yupp still chained to the wall. Singing and all.,1
"What is the difference between the highway at rush hour and the line at KFC? Nothing, they are both black and dangerous to cut through",1
My girlfriend broke up with me for stealing her wheelchair  I know she'll come crawling back eventually,1
what did the black kid get his friend for his birthday? my bike.,1
Hitler was a good doctor. He cured tons of disabilities.,1
What do you call a Muslim emperor? Napoleon Blownaparte,1
Why do black people only have nightmares? Because we killed the only one with a dream,1
I don’t think I’m racist I love black people I think every family should have one,1
What do you call a fight between a mexican and a child molester? Alien vs Predator,1
Where do people in China buy their groceries? Pets at Home.,1
A black man and a jew jump off a building. Who lands first No one cares,1
How does a black guy Send mail? With food stamps,1
Africa is really boring during Halloween Everyone's a skeleton,1
"Since Harriet tubman is on the 20 dollar bill now, is it worth 3/5 of a 20 now?",1
What do you call a white girl who’s faster than her brothers? A redneck virgin,1
I have blue eyes. I got them from my dad. My mum has black eyes.  She also got them from my dad.,1
What's the difference between a black man and a pizza? A pizza can feed a family of four,1
Where are Jews most found? In the atmosphere.,1
What do you call a picture of smoke? A Jewish family photo,1
Why do black rappers always wear jewelry? The chains remind them of were they came from.,1
"It doesn't matter suicide rates are going up in Black communities, The race was killing itself anyway.",1
What’s the difference between science and religion? Science will fly you to mars. Religion will fly you into a skyscraper,1
whats a gay guys favorite restaurant? five guys,1
What’s the difference between black people and communism? People thought communism could work.,1
Why are all women left handed? Because they don't have rights.,1
Whats tougher than a white man roaming the streets of Compton.... A dog roaming the streets of China,1
Why don't Asians like Monopoly? They can't buy any of the corners to turn into a shop.,1
Black people are nothing like monkeys because at least monkeys are well behaved,1
What’s the best part of being a doctor? Vegetables don’t need to give consent.,1
"Why does Beyoncé always sing ""To the left, to the left"" Because black people have no rights.",1
What's a 1000 meters long and has an IQ of 68? A black lives matter parade.,1
I had some “Muslim Fried Chicken” the other day. It was exploding with flavour.,1
"I painted my computer black hoping it’d run faster, but now it doesn’t work.",1
How do Autists deal with school? With a reeeeeeeeee-volver,1
What do you call two chimps that fall in love? Black people.,1
How do you know if a black girl is pregnant? The cotton is picked off the tampon,1
"A black guy and Mexican were in a car, Who is driving? The Cop",1
Pennies are brown because they’re worth almost nothing and cost more to manufacture than what they’re worth.,1
What do you call a white guy surrounded by a thousand black guys? A warden,1
What's the difference between a feminist and a knife? A knife has a point.,1
Hitler just suck at running He cant even finish a race,1
What do you get when throw a Molotov cocktail into a gay pride parade? An LGBTQBBQ,1
Well today in school i farted infront of my Jewish friend And when he looked at me i said sorry  Its a little gas it wont kill anybody,1
What’s blue and white and red all over? A cop at a BLM rally.,1
Why do Puerto Ricans hang the Puerto Rican flag in their car? So they dont steal from each other.,1
A black man walks into a bar with a parrot on his shoulder. Bar tender goes he man that's neat where did you get that?   The parrot says Africa there all over the fucking place!,1
What do White people get in return for letting Blacks have Black heritage month? Father's Day,1
Why do white people have such a pleasant scent? So blind people can distinguish them from animals too.,1
How do you call a car thief that can't drive? A black woman.,1
What do you call it when you throw a Molotov cocktail into the special-ed room? Hot potato,1
"To all the black kids without fathers, don't be so upset. In a few years, you'll get to meet them when you go to prison.",1
What do you call a black person on top of a church? Holy shit,1
What's the difference between black dad's and boomerangs Boomerangs are expensive,1
Boomerangs are like dads... The black ones don't come back.,1
Why did I get a white car? So it would actually work!,1
You know the only good thing about being a Jewish chimney sweeper in Auschwitz? You get to have all your family and friends around you.,1
Gay Muslims are the horniest. They blow the entire neighborhood.,1
What do blacks and this thread have in common? Both are gonna get locked up,1
"Blacks are a lot like apples After all, it's just natural for them to hang from trees",1
Why are jews ok with holocaust jokes? Because they're used to being roasted,1
What's the difference between a dog and a pizza? One can feed a family of four Asian people.,1
"A white man and a black man play hide and seek at night. Who has the advantage? The white man, as the cops are on his side.",1
How do you get 20 jews in the back seat of a Volkswagen? Toss a $50 in the back seat,1
Why are black people so fast? The slow ones are in the prison.,1
People are like jelly beans... No one likes the black ones,1
How come there aren't any Mexicans in Star Trek? They don't work in the future either.,1
My sense of humour is so dark It pays child support,1
Why do black people have white on their palms and the soles of their feet? Everybody has a little bit of good in them.,1
What do you call a black guy with half a brain? Gifted,1
"Do you want to know how a depressed person can beat depression quick? Just give them a chair and a rope, the depression will be gone in a matter of minutes!",1
What do Muslims have in common with Darth Vader? They both offer you to come to the dark side before killing you,1
What does a black guy and a basketball have in common? They both get shot,1
What do you call a bunch of Muslim superheroes? Suicide squad,1
What do you call the citizens of Hiroshima? Fried Rice,1
Why don't blacks celebrate Thanksgiving? Because KFC is not open on holidays!,1
What are the advantages of being blacc? You can attend a funeral naked...,1
"What have parents and pizzas in common? When they're black, there's no food.",1
What’s the same about a black person and a school? They both get shot up by white people.,1
What's Hitler's favorite breakfast beverage? Freshly squeezed orange jews.,1
What do you get when you put a gay Canadian flight attendant in the same room as a monkey? An aids epidemic.,1
What does a redneck girl say when she meets her first lover? Hi dad!,1
How dark is my humour? It picks cotton.,1
"I love the Legend of Zelda games. Name the games after the girl so she feels important, but has next-to-no involvement whatsoever in them.",1
"a jew and a black are about to get shot, who dies first the jew had coins as body armor while the black dude had child support papers to protect himself",1
You know what they say Once you go black your a single mother,1
I asked a Jewish girl for her number.. And she rolled up her sleeve,1
"I have no doubt that Jesus was a black man. Just like in the case of black dads, everyone is waiting for his second coming.",1
My humour is so dark that cops are beating it,1
Why don't Africans play on Minecraft servers? They're on the blacklist,1
What is the only football team a black person can join? The stealers.,1
What’s the difference between a black man and park bench? A park bench can support a family of 4,1
"Why do black people like basketball? Because they can shoot, steal and drive.",1
Did you hear about the two car pile up in Mexico? 200 Mexicans died.,1
"“I think a lot, but I don’t say much.” ~ Anne Frank But lately she’s been proven to have not said anything for almost a century",1
Japanese people are bad pilots They always crash into ships,1
What do brick sidewalks and fat women have in common They both get laid by mexicans,1
what do you call a jew that jumps out of a plane a falling star,1
If a woman is in a forest and there is no one around to hear her. Is she still wrong?,1
What happens when God lowers the graphics and increases the difficulty ? We all turn black.,1
"Don’t bully people with obesity! I’m being serious guys, they already have enough on their pl8!",1
What did the black girl get after having an abortion? $500 from crime stoppers,1
Whats the best part of an ISIS joke? The Execution,1
What does black Fred Flintstone say? I yabba dabba dindu nuthin,1
"How are people with mental disabilities similar to electronic products? Sometimes they are, ""batteries not included""",1
Which Magic Wand can only make Men disappear? Pregnancy Test Sticks,1
Why are the dogs in china really fast? the slow ones were eaten,1
How dark is my humor Dark enough to get six warning shots in the back,1
What's the difference between a black person and a couch? The couch can support a family,1
How does a Mexican family take a photo together? They get in the back of a truck and run a red light.,1
Why is all medicine white? Blacks don't work,1
Wanna hear a joke? Black Lives Matter,1
Whats a word that begins with N ends in R and you should never call a black person? Neighbor,1
What Do You Call It When An Ethiopian Baby Cries? A mid-life crisis,1
"How do you always win an argument against a black person? Call him ""Dad"" and he'll run away.",1
Why are black fathers and Shaq's free throw attempts the same? They're always missing.,1
What’s the most common fish in the Mediterranean Sea? The Syrian refugee,1
Name one positive about Africa. The HIV Tests.,1
What do you do when you see a black guy on stage? You raise your hand to bid on him.,1
What’s the difference between Harry Potter and the Jews? Harry was looking for the chamber,1
What do you call four Mexicans in quick sand? Quattro sinko,1
What's the difference between a black man and property? I don't know.,1
I reported a video on YouTube for animal abuse My report got rejected; it was footage of a black man being beaten,1
What's a Jew's favorite book? Gone with the wind.,1
"Why are your mom jokes not your dad jokes? Because the creator of the first ""your mom"" joke was black",1
The reason I date a black girl So I don't have to meet her dad,1
What do you call an educated woman? Intellectual property,1
a black man with a parrot enters a bar the bartender asks where did you get it africa answers the parrot,1
What's Hitler's favorite time of the year Gas season,1
What do apples and black people both have in common? They both hang from trees,1
"If you can stop a comma with a period point, what do you use to stop a coma? A hollow-point.",1
What's the difference between heroine and a black person? I think twice about shooting heroin.,1
Where could you find a quadriplegic? Where you left him.,1
Yall need to chill. Racism is a crime. And crime is for black people,1
What happens when you roast the quiet Asian kid? Your pet goes missing.,1
"I got a handjob from a blind girl, my friend asked me how was it I replied “Ah blind girls—you have to hand it to them”",1
How was the Grand Canyon created? A jew dropped a penny in a mole-hole,1
Muslim kids... They blow up so fast.,1
If only Africa had more mosquito nets If only Africa had more mosquito nets then every year we could save millions of mosquitoes from dying needlessly from AIDs.,1
How do you stop black kids from jumping on the bed? Put Velcro on the ceiling,1
What's one thing you never say to a school shooter Think of the children,1
How do you get a black man out of a tree? Cut the rope.,1
"Helen Keller walked into a bar and then a chair, and then a table",1
Why do sumo wrestlers shave their legs? So that people don't confuse them for feminists.,1
What's the difference between a black slave and a black surfer? One hangs high and the other hangs loose.,1
"Why did Beyonce say ""to the left,to the left""? Because black people have no rights.",1
